"1","accordion","0","0","1"
"2","airplane","0","0","1"
"3","alligator","0","0","1"
"4","ambulance","0","0","1"
"5","anchor","0","0","1"
"6","ant","0","0","1"
"7","apartment","0","0","1"
"8","apple","0","0","1"
"9","apron","0","0","1"
"10","armour","0","0","1"
"11","ashtray","0","0","1"
"12","asparagus","0","0","1"
"13","avocado","0","0","1"
"14","axe","0","0","1"
"15","bag","0","0","1"
"16","bagpipe","0","0","1"
"17","ball","0","0","1"
"18","balloon","0","0","1"
"19","banana","0","0","1"
"20","banjo","0","0","1"
"21","banner","0","0","1"
"22","barn","0","0","1"
"23","barrel","0","0","1"
"24","basement","0","0","1"
"25","basket","0","0","1"
"26","bat_(animal)","0","0","1"
"27","bat_(baseball)","0","0","1"
"28","bathtub","0","0","1"
"29","baton","0","0","1"
"30","bayonet","0","0","1"
"31","bazooka","0","0","1"
"32","beans","0","0","1"
"33","bear","0","0","1"
"34","beaver","0","0","1"
"35","bed","0","0","1"
"36","bedroom","0","0","1"
"37","beehive","0","0","1"
"38","beetle","0","0","1"
"39","beets","0","0","1"
"40","belt","0","0","1"
"41","bench","0","0","1"
"42","bike","0","0","1"
"43","bin_(waste)","0","0","1"
"44","birch","0","0","1"
"45","biscuit","0","0","1"
"46","bison","0","0","1"
"47","blackbird","0","0","1"
"48","blender","0","0","1"
"49","blouse","0","0","1"
"50","blueberry","0","0","1"
"51","bluejay","0","0","1"
"52","board_(black)","0","0","1"
"53","board_(wood)","0","0","1"
"54","boat","0","0","1"
"55","bolts","0","0","1"
"56","bomb","0","0","1"
"57","book","0","0","1"
"58","bookcase","0","0","1"
"59","boots","0","0","1"
"60","bottle","0","0","1"
"61","bouquet","0","0","1"
"62","bow_(ribbon)","0","0","1"
"63","bow_(weapon)","0","0","1"
"64","bowl","0","0","1"
"65","box","0","0","1"
"66","bra","0","0","1"
"67","bracelet","0","0","1"
"68","bread","0","0","1"
"69","brick","0","0","1"
"70","bridge","0","0","1"
"71","broccoli","0","0","1"
"72","broom","0","0","1"
"73","brush","0","0","1"
"74","bucket","0","0","1"
"75","buckle","0","0","1"
"76","budgie","0","0","1"
"77","buffalo","0","0","1"
"78","buggy","0","0","1"
"79","building","0","0","1"
"80","bull","0","0","1"
"81","bullet","0","0","1"
"82","bungalow","0","0","1"
"83","bureau","0","0","1"
"84","bus","0","0","1"
"85","butterfly","0","0","1"
"86","buzzard","0","0","1"
"87","cabbage","0","0","1"
"88","cabin","0","0","1"
"89","cabinet","0","0","1"
"90","cage","0","0","1"
"91","cake","0","0","1"
"92","calf","0","0","1"
"93","camel","0","0","1"
"94","camisole","0","0","1"
"95","canary","0","0","1"
"96","candle","0","0","1"
"97","cannon","0","0","1"
"98","canoe","0","0","1"
"99","cantaloupe","0","0","1"
"100","cap_(bottle)","0","0","1"
"101","cap_(hat)","0","0","1"
"102","cape","0","0","1"
"103","car","0","0","1"
"104","card_(greeting)","0","0","1"
"105","caribou","0","0","1"
"106","carpet","0","0","1"
"107","carrot","0","0","1"
"108","cart","0","0","1"
"109","cat","0","0","1"
"110","catapult","0","0","1"
"111","caterpillar","0","0","1"
"112","catfish","0","0","1"
"113","cathedral","0","0","1"
"114","cauliflower","0","0","1"
"115","cedar","0","0","1"
"116","celery","0","0","1"
"117","cellar","0","0","1"
"118","cello","0","0","1"
"119","certificate","0","0","1"
"120","chain","0","0","1"
"121","chair","0","0","1"
"122","chandelier","0","0","1"
"123","chapel","0","0","1"
"124","cheese","0","0","1"
"125","cheetah","0","0","1"
"126","cherry","0","0","1"
"127","chickadee","0","0","1"
"128","chicken","0","0","1"
"129","chimp","0","0","1"
"130","chipmunk","0","0","1"
"131","chisel","0","0","1"
"132","church","0","0","1"
"133","cigar","0","0","1"
"134","cigarette","0","0","1"
"135","clam","0","0","1"
"136","clamp","0","0","1"
"137","clarinet","0","0","1"
"138","cloak","0","0","1"
"139","clock","0","0","1"
"140","closet","0","0","1"
"141","coat","0","0","1"
"142","cockroach","0","0","1"
"143","coconut","0","0","1"
"144","cod","0","0","1"
"145","coin","0","0","1"
"146","colander","0","0","1"
"147","comb","0","0","1"
"148","cork","0","0","1"
"149","corkscrew","0","0","1"
"150","corn","0","0","1"
"151","cottage","0","0","1"
"152","couch","0","0","1"
"153","cougar","0","0","1"
"154","cow","0","0","1"
"155","coyote","0","0","1"
"156","crab","0","0","1"
"157","cranberry","0","0","1"
"158","crane_(machine)","0","0","1"
"159","crayon","0","0","1"
"160","crocodile","0","0","1"
"161","crossbow","0","0","1"
"162","crow","0","0","1"
"163","crowbar","0","0","1"
"164","crown","0","0","1"
"165","cucumber","0","0","1"
"166","cup","0","0","1"
"167","cupboard","0","0","1"
"168","curtains","0","0","1"
"169","cushion","0","0","1"
"170","dagger","0","0","1"
"171","dandelion","0","0","1"
"172","deer","0","0","1"
"173","desk","0","0","1"
"174","dish","0","0","1"
"175","dishwasher","0","0","1"
"176","dog","0","0","1"
"177","doll","0","0","1"
"178","dolphin","0","0","1"
"179","donkey","0","0","1"
"180","door","0","0","1"
"181","doorknob","0","0","1"
"182","dove","0","0","1"
"183","drain","0","0","1"
"184","drapes","0","0","1"
"185","dress","0","0","1"
"186","dresser","0","0","1"
"187","drill","0","0","1"
"188","drum","0","0","1"
"189","duck","0","0","1"
"190","dunebuggy","0","0","1"
"191","eagle","0","0","1"
"192","earmuffs","0","0","1"
"193","eel","0","0","1"
"194","eggplant","0","0","1"
"195","elephant","0","0","1"
"196","elevator","0","0","1"
"197","elk","0","0","1"
"198","emerald","0","0","1"
"199","emu","0","0","1"
"200","envelope","0","0","1"
"201","escalator","0","0","1"
"202","falcon","0","0","1"
"203","fan_(appliance)","0","0","1"
"204","faucet","0","0","1"
"205","fawn","0","0","1"
"206","fence","0","0","1"
"207","finch","0","0","1"
"208","flamingo","0","0","1"
"209","flea","0","0","1"
"210","flute","0","0","1"
"211","football","0","0","1"
"212","fork","0","0","1"
"213","fox","0","0","1"
"214","freezer","0","0","1"
"215","fridge","0","0","1"
"216","frog","0","0","1"
"217","garage","0","0","1"
"218","garlic","0","0","1"
"219","gate","0","0","1"
"220","giraffe","0","0","1"
"221","gloves","0","0","1"
"222","goat","0","0","1"
"223","goldfish","0","0","1"
"224","goose","0","0","1"
"225","gopher","0","0","1"
"226","gorilla","0","0","1"
"227","gown","0","0","1"
"228","grape","0","0","1"
"229","grapefruit","0","0","1"
"230","grasshopper","0","0","1"
"231","grater","0","0","1"
"232","grenade","0","0","1"
"233","groundhog","0","0","1"
"234","guitar","0","0","1"
"235","gun","0","0","1"
"236","guppy","0","0","1"
"237","hammer","0","0","1"
"238","hamster","0","0","1"
"239","hare","0","0","1"
"240","harmonica","0","0","1"
"241","harp","0","0","1"
"242","harpoon","0","0","1"
"243","harpsichord","0","0","1"
"244","hatchet","0","0","1"
"245","hawk","0","0","1"
"246","helicopter","0","0","1"
"247","helmet","0","0","1"
"248","hoe","0","0","1"
"249","honeydew","0","0","1"
"250","hook","0","0","1"
"251","hornet","0","0","1"
"252","horse","0","0","1"
"253","hose","0","0","1"
"254","hose_(leggings)","0","0","1"
"255","house","0","0","1"
"256","housefly","0","0","1"
"257","hut","0","0","1"
"258","hyena","0","0","1"
"259","iguana","0","0","1"
"260","inn","0","0","1"
"261","jacket","0","0","1"
"262","jar","0","0","1"
"263","jeans","0","0","1"
"264","jeep","0","0","1"
"265","jet","0","0","1"
"266","kettle","0","0","1"
"267","key","0","0","1"
"268","keyboard_(musical)","0","0","1"
"269","kite","0","0","1"
"270","knife","0","0","1"
"271","ladle","0","0","1"
"272","lamb","0","0","1"
"273","lamp","0","0","1"
"274","lantern","0","0","1"
"275","lemon","0","0","1"
"276","leopard","0","0","1"
"277","leotards","0","0","1"
"278","lettuce","0","0","1"
"279","level","0","0","1"
"280","lime","0","0","1"
"281","limousine","0","0","1"
"282","lion","0","0","1"
"283","lobster","0","0","1"
"284","machete","0","0","1"
"285","mackerel","0","0","1"
"286","magazine","0","0","1"
"287","mandarin","0","0","1"
"288","marble","0","0","1"
"289","mat","0","0","1"
"290","medal","0","0","1"
"291","menu","0","0","1"
"292","microscope","0","0","1"
"293","microwave","0","0","1"
"294","mink","0","0","1"
"295","mink_(coat)","0","0","1"
"296","minnow","0","0","1"
"297","mirror","0","0","1"
"298","missile","0","0","1"
"299","mittens","0","0","1"
"300","mixer","0","0","1"
"301","mole_(animal)","0","0","1"
"302","moose","0","0","1"
"303","moth","0","0","1"
"304","motorcycle","0","0","1"
"305","mouse","0","0","1"
"306","mouse_(computer)","0","0","1"
"307","mug","0","0","1"
"308","mushroom","0","0","1"
"309","muzzle","0","0","1"
"310","napkin","0","0","1"
"311","necklace","0","0","1"
"312","nectarine","0","0","1"
"313","nightgown","0","0","1"
"314","nightingale","0","0","1"
"315","nylons","0","0","1"
"316","oak","0","0","1"
"317","octopus","0","0","1"
"318","olive","0","0","1"
"319","onions","0","0","1"
"320","orange","0","0","1"
"321","oriole","0","0","1"
"322","ostrich","0","0","1"
"323","otter","0","0","1"
"324","oven","0","0","1"
"325","owl","0","0","1"
"326","ox","0","0","1"
"327","paintbrush","0","0","1"
"328","pajamas","0","0","1"
"329","pan","0","0","1"
"330","panther","0","0","1"
"331","pants","0","0","1"
"332","parakeet","0","0","1"
"333","parka","0","0","1"
"334","parsley","0","0","1"
"335","partridge","0","0","1"
"336","peach","0","0","1"
"337","peacock","0","0","1"
"338","pear","0","0","1"
"339","pearl","0","0","1"
"340","peas","0","0","1"
"341","peg","0","0","1"
"342","pelican","0","0","1"
"343","pen","0","0","1"
"344","pencil","0","0","1"
"345","penguin","0","0","1"
"346","pepper","0","0","1"
"347","perch","0","0","1"
"348","pheasant","0","0","1"
"349","piano","0","0","1"
"350","pickle","0","0","1"
"351","pie","0","0","1"
"352","pier","0","0","1"
"353","pig","0","0","1"
"354","pigeon","0","0","1"
"355","pillow","0","0","1"
"356","pin","0","0","1"
"357","pine","0","0","1"
"358","pineapple","0","0","1"
"359","pipe","0","0","1"
"360","pipe_(smoking)","0","0","1"
"361","pistol","0","0","1"
"362","plate","0","0","1"
"363","platypus","0","0","1"
"364","pliers","0","0","1"
"365","plug_(electric)","0","0","1"
"366","plum","0","0","1"
"367","pony","0","0","1"
"368","porcupine","0","0","1"
"369","pot","0","0","1"
"370","potato","0","0","1"
"371","projector","0","0","1"
"372","prune","0","0","1"
"373","pumpkin","0","0","1"
"374","pyramid","0","0","1"
"375","python","0","0","1"
"376","rabbit","0","0","1"
"377","raccoon","0","0","1"
"378","racquet","0","0","1"
"379","radio","0","0","1"
"380","radish","0","0","1"
"381","raft","0","0","1"
"382","raisin","0","0","1"
"383","rake","0","0","1"
"384","raspberry","0","0","1"
"385","rat","0","0","1"
"386","rattle","0","0","1"
"387","rattlesnake","0","0","1"
"388","raven","0","0","1"
"389","razor","0","0","1"
"390","revolver","0","0","1"
"391","rhubarb","0","0","1"
"392","rice","0","0","1"
"393","rifle","0","0","1"
"394","ring_(jewelry)","0","0","1"
"395","robe","0","0","1"
"396","robin","0","0","1"
"397","rock","0","0","1"
"398","rocker","0","0","1"
"399","rocket","0","0","1"
"400","rooster","0","0","1"
"401","rope","0","0","1"
"402","ruler","0","0","1"
"403","sack","0","0","1"
"404","saddle","0","0","1"
"405","sailboat","0","0","1"
"406","salamander","0","0","1"
"407","salmon","0","0","1"
"408","sandals","0","0","1"
"409","sandpaper","0","0","1"
"410","sardine","0","0","1"
"411","saucer","0","0","1"
"412","saxophone","0","0","1"
"413","scarf","0","0","1"
"414","scissors","0","0","1"
"415","scooter","0","0","1"
"416","screwdriver","0","0","1"
"417","screws","0","0","1"
"418","seagull","0","0","1"
"419","seal","0","0","1"
"420","seaweed","0","0","1"
"421","shack","0","0","1"
"422","shawl","0","0","1"
"423","shed","0","0","1"
"424","sheep","0","0","1"
"425","shell","0","0","1"
"426","shelves","0","0","1"
"427","shield","0","0","1"
"428","ship","0","0","1"
"429","shirt","0","0","1"
"430","shoes","0","0","1"
"431","shotgun","0","0","1"
"432","shovel","0","0","1"
"433","shrimp","0","0","1"
"434","sink","0","0","1"
"435","skateboard","0","0","1"
"436","skillet","0","0","1"
"437","skirt","0","0","1"
"438","skis","0","0","1"
"439","skunk","0","0","1"
"440","skyscraper","0","0","1"
"441","sled","0","0","1"
"442","sledgehammer","0","0","1"
"443","sleigh","0","0","1"
"444","slingshot","0","0","1"
"445","slippers","0","0","1"
"446","snail","0","0","1"
"447","socks","0","0","1"
"448","sofa","0","0","1"
"449","spade","0","0","1"
"450","sparrow","0","0","1"
"451","spatula","0","0","1"
"452","spear","0","0","1"
"453","spider","0","0","1"
"454","spinach","0","0","1"
"455","spoon","0","0","1"
"456","squid","0","0","1"
"457","squirrel","0","0","1"
"458","starling","0","0","1"
"459","stereo","0","0","1"
"460","stick","0","0","1"
"461","stone","0","0","1"
"462","stool_(furniture)","0","0","1"
"463","stork","0","0","1"
"464","stove","0","0","1"
"465","strainer","0","0","1"
"466","strawberry","0","0","1"
"467","submarine","0","0","1"
"468","subway","0","0","1"
"469","surfboard","0","0","1"
"470","swan","0","0","1"
"471","sweater","0","0","1"
"472","swimsuit","0","0","1"
"473","sword","0","0","1"
"474","table","0","0","1"
"475","tack","0","0","1"
"476","tangerine","0","0","1"
"477","tank_(army)","0","0","1"
"478","tank_(container)","0","0","1"
"479","tap","0","0","1"
"480","tape_(scotch)","0","0","1"
"481","taxi","0","0","1"
"482","telephone","0","0","1"
"483","tent","0","0","1"
"484","thermometer","0","0","1"
"485","thimble","0","0","1"
"486","tie","0","0","1"
"487","tiger","0","0","1"
"488","toad","0","0","1"
"489","toaster","0","0","1"
"490","toilet","0","0","1"
"491","tomahawk","0","0","1"
"492","tomato","0","0","1"
"493","tongs","0","0","1"
"494","tortoise","0","0","1"
"495","toy","0","0","1"
"496","tractor","0","0","1"
"497","trailer","0","0","1"
"498","train","0","0","1"
"499","tray","0","0","1"
"500","tricycle","0","0","1"
"501","tripod","0","0","1"
"502","trolley","0","0","1"
"503","trombone","0","0","1"
"504","trousers","0","0","1"
"505","trout","0","0","1"
"506","truck","0","0","1"
"507","trumpet","0","0","1"
"508","tuba","0","0","1"
"509","tuna","0","0","1"
"510","turkey","0","0","1"
"511","turnip","0","0","1"
"512","turtle","0","0","1"
"513","typewriter","0","0","1"
"514","umbrella","0","0","1"
"515","unicycle","0","0","1"
"516","urn","0","0","1"
"517","van","0","0","1"
"518","veil","0","0","1"
"519","vest","0","0","1"
"520","vine","0","0","1"
"521","violin","0","0","1"
"522","vulture","0","0","1"
"523","wagon","0","0","1"
"524","wall","0","0","1"
"525","walnut","0","0","1"
"526","walrus","0","0","1"
"527","wand","0","0","1"
"528","wasp","0","0","1"
"529","whale","0","0","1"
"530","wheel","0","0","1"
"531","wheelbarrow","0","0","1"
"532","whip","0","0","1"
"533","whistle","0","0","1"
"534","willow","0","0","1"
"535","woodpecker","0","0","1"
"536","worm","0","0","1"
"537","wrench","0","0","1"
"538","yacht","0","0","1"
"539","yam","0","0","1"
"540","zebra","0","0","1"
"541","zucchini","0","0","1"
"542","animal","0","0","0"
"543","ankle","0","0","0"
"544","ant","0","0","1"
"545","arm","0","0","0"
"546","aunt","0","0","0"
"547","baby","0","0","0"
"548","babysitter","0","0","0"
"549","backyard","0","0","0"
"550","basement","0","0","1"
"551","basket","0","0","1"
"552","bathroom","0","0","0"
"553","beach","0","0","0"
"554","beads","0","0","0"
"555","bear","0","0","1"
"556","bee","0","0","0"
"557","belly_button","0","0","0"
"558","bib","0","0","0"
"559","bicycles","0","0","0"
"560","bird","0","0","0"
"561","blanket","0","0","0"
"562","block","0","0","0"
"563","boy","0","0","0"
"564","brother","0","0","0"
"565","bug","0","0","0"
"566","bunny       ","0","0","0"
"567","button","0","0","0"
"568","camera","0","0","0"
"569","camping","0","0","0"
"570","candy","0","0","0"
"571","cereal","0","0","0"
"572","cheek","0","0","0"
"573","child","0","0","0"
"574","chin","0","0","0"
"575","chocolate","0","0","0"
"576","circus","0","0","0"
"577","cloud        ","0","0","0"
"578","clown","0","0","0"
"579","coffee","0","0","0"
"580","coke","0","0","0"
"581","cookie","0","0","0"
"582","country","0","0","0"
"583","cowboy","0","0","0"
"584","cracker","0","0","0"
"585","crib","0","0","0"
"586","daddy","0","0","0"
"587","diaper","0","0","0"
"588","dish","0","0","1"
"589","doctor","0","0","0"
"590","donut","0","0","0"
"591","downtown","0","0","0"
"592","drawer","0","0","0"
"593","drink","0","0","0"
"594","ear","0","0","0"
"595","egg","0","0","0"
"596","eye","0","0","0"
"597","face","0","0","0"
"598","farm","0","0","0"
"599","finger","0","0","0"
"600","fireman","0","0","0"
"601","firetruck","0","0","0"
"602","fish","0","0","0"
"603","flag","0","0","0"
"604","flower","0","0","0"
"605","food","0","0","0"
"606","french_fries   ","0","0","0"
"607","friend","0","0","0"
"608","game","0","0","0"
"609","garbage","0","0","0"
"610","garden","0","0","0"
"611","girl","0","0","0"
"612","glue","0","0","0"
"613","grandpa","0","0","0"
"614","grandma","0","0","0"
"615","grass","0","0","0"
"616","gum","0","0","0"
"617","hair","0","0","0"
"618","hamburger","0","0","0"
"619","hand","0","0","0"
"620","hat","0","0","0"
"621","head","0","0","0"
"622","hen","0","0","0"
"623","high_chair","0","0","0"
"624","home","0","0","0"
"625","ice","0","0","0"
"626","ice_cream","0","0","0"
"627","jelly","0","0","0"
"628","jello","0","0","0"
"629","juice","0","0","0"
"630","key","0","0","1"
"631","kitchen","0","0","0"
"632","kitty","0","0","0"
"633","knee","0","0","0"
"634","ladder","0","0","0"
"635","lady","0","0","0"
"636","lamp","0","0","1"
"637","leg","0","0","0"
"638","lips","0","0","0"
"639","living_room","0","0","0"
"640","lollipop","0","0","0"
"641","mailman","0","0","0"
"642","man","0","0","0"
"643","meat","0","0","0"
"644","medicine","0","0","0"
"645","milk","0","0","0"
"646","mommy","0","0","0"
"647","money","0","0","0"
"648","monkey","0","0","0"
"649","moon","0","0","0"
"650","mop","0","0","0"
"651","mouth","0","0","0"
"652","movie","0","0","0"
"653","muffin","0","0","0"
"654","nail     ","0","0","0"
"655","noodles","0","0","0"
"656","nose","0","0","0"
"657","nurse","0","0","0"
"658","nut","0","0","0"
"659","outside","0","0","0"
"660","pancake","0","0","0"
"661","paper","0","0","0"
"662","park","0","0","0"
"663","party","0","0","0"
"664","penny","0","0","0"
"665","people","0","0","0"
"666","person","0","0","0"
"667","picnic       ","0","0","0"
"668","picture","0","0","0"
"669","pizza","0","0","0"
"670","plant","0","0","0"
"671","play_pen","0","0","0"
"672","playground","0","0","0"
"673","police","0","0","0"
"674","pool","0","0","0"
"675","popsicle","0","0","0"
"676","porch","0","0","0"
"677","potato_chip","0","0","0"
"678","potty","0","0","0"
"679","present","0","0","0"
"680","pretzel","0","0","0"
"681","pudding","0","0","0"
"682","puppy","0","0","0"
"683","purse","0","0","0"
"684","puzzle  ","0","0","0"
"685","rain","0","0","0"
"686","refrigerator","0","0","0"
"687","rockingchair","0","0","0"
"688","roof","0","0","0"
"689","room","0","0","0"
"690","salt","0","0","0"
"691","sandbox","0","0","0"
"692","sandwich","0","0","0"
"693","sauce","0","0","0"
"694","school","0","0","0"
"695","shorts","0","0","0"
"696","shoulder","0","0","0"
"697","shower","0","0","0"
"698","sidewalk","0","0","0"
"699","sink","0","0","1"
"700","sister","0","0","0"
"701","sky","0","0","0"
"702","slide","0","0","0"
"703","sneaker","0","0","0"
"704","snowman","0","0","0"
"705","soap","0","0","0"
"706","soda","0","0","0"
"707","soup","0","0","0"
"708","spaghetti","0","0","0"
"709","sprinkler","0","0","0"
"710","stairs","0","0","0"
"711","star","0","0","0"
"712","store","0","0","0"
"713","story","0","0","0"
"714","street","0","0","0"
"715","stroller","0","0","0"
"716","sun","0","0","0"
"717","swing","0","0","0"
"718","teacher","0","0","0"
"719","teddybear","0","0","0"
"720","tights","0","0","0"
"721","tissue","0","0","0"
"722","toast","0","0","0"
"723","toe","0","0","0"
"724","tongue","0","0","0"
"725","tooth","0","0","0"
"726","toothbrush","0","0","0"
"727","towel","0","0","0"
"728","trash","0","0","0"
"729","tree","0","0","0"
"730","tummy","0","0","0"
"731","tv","0","0","0"
"732","uncle","0","0","0"
"733","underpants","0","0","0"
"734","vacuum","0","0","0"
"735","vanilla","0","0","0"
"736","vitamins","0","0","0"
"737","water","0","0","0"
"738","wind","0","0","0"
"739","window       ","0","0","0"
"740","wolf","0","0","0"
"741","woods","0","0","0"
"742","yard","0","0","0"
"743","yogurt","0","0","0"
"744","zipper","0","0","0"
"745","zoo","0","0","0"
"746","well","0","0","0"
"747","university","0","0","0"
"748","college","0","0","0"
"749","mother","0","0","0"
"750","library","0","0","0"
"751","world","0","0","0"
"752","children","0","0","0"
"753","war","0","0","0"
"754","father","0","0","0"
"755","letter","0","0","0"
"756","film","0","0","0"
"757","professor","0","0","0"
"758","lecture","0","0","0"
"759","saw","0","0","0"
"760","army","0","0","0"
"761","student","0","0","0"
"762","lecturer","0","0","0"
"763","road","0","0","0"
"764","board","0","0","0"
"765","woman","0","0","0"
"766","christmas","0","0","0"
"767","evening","0","0","0"
"768","beer","0","0","0"
"769","family","0","0","0"
"770","mine","0","0","0"
"771","men","0","0","0"
"772","lunch","0","0","0"
"773","dinner","0","0","0"
"774","sign","0","0","0"
"775","tea","0","0","0"
"776","feet","0","0","0"
"777","machine","0","0","0"
"778","paint","0","0","0"
"779","wife","0","0","0"
"780","patient","0","0","0"
"781","phone","0","0","0"
"782","ring","0","0","0"
"783","bank","0","0","0"
"784","map","0","0","0"
"785","page","0","0","0"
"786","glass","0","0","0"
"787","novel","0","0","0"
"788","fire","0","0","0"
"789","guy","0","0","0"
"790","kid","0","0","0"
"791","record","0","0","0"
"792","wine","0","0","0"
"793","earth","0","0","0"
"794","ghost","0","0","0"
"795","heart","0","0","0"
"796","husband","0","0","0"
"797","quarter","0","0","0"
"798","town","0","0","0"
"799","sea","0","0","0"
"800","body","0","0","0"
"801","hospital","0","0","0"
"802","light","0","0","0"
"803","secretary","0","0","0"
"804","corridor","0","0","0"
"805","shop","0","0","0"
"806","tape","0","0","0"
"807","coast","0","0","0"
"808","essay","0","0","0"
"809","foot","0","0","0"
"810","granny","0","0","0"
"811","lung","0","0","0"
"812","officer","0","0","0"
"813","hotel","0","0","0"
"814","market","0","0","0"
"815","port","0","0","0"
"816","space","0","0","0"
"817","tin","0","0","0"
"818","audience","0","0","0"
"819","battle","0","0","0"
"820","breakfast","0","0","0"
"821","fight","0","0","0"
"822","meal","0","0","0"
"823","bill","0","0","0"
"824","blood","0","0","0"
"825","brain","0","0","0"
"826","gift","0","0","0"
"827","portrait","0","0","0"
"828","rainbow","0","0","0"
"829","son","0","0","0"
"830","supper","0","0","0"
"831","uniform","0","0","0"
"832","village","0","0","0"
"833","watch","0","0","0"
"834","bell","0","0","0"
"835","branch","0","0","0"
"836","city","0","0","0"
"837","devil","0","0","0"
"838","engine","0","0","0"
"839","floor","0","0","0"
"840","gentleman","0","0","0"
"841","judge","0","0","0"
"842","land","0","0","0"
"843","landscape","0","0","0"
"844","spring","0","0","0"
"845","station","0","0","0"
"846","sugar","0","0","0"
"847","test","0","0","0"
"848","thumb","0","0","0"
"849","ticket","0","0","0"
"850","weather","0","0","0"
"851","bow","0","0","0"
"852","drug","0","0","0"
"853","dust","0","0","0"
"854","furniture","0","0","0"
"855","gold","0","0","0"
"856","pope","0","0","0"
"857","tennis","0","0","0"
"858","tusk","0","0","0"
"859","wood","0","0","0"
"860","canal","0","0","0"
"861","carriage","0","0","0"
"862","choir","0","0","0"
"863","concert","0","0","0"
"864","ferry","0","0","0"
"865","fur","0","0","0"
"866","gin","0","0","0"
"867","hall","0","0","0"
"868","king","0","0","0"
"869","knight","0","0","0"
"870","lock","0","0","0"
"871","minister","0","0","0"
"872","physician","0","0","0"
"873","plane","0","0","0"
"874","reflection","0","0","0"
"875","river","0","0","0"
"876","scratch","0","0","0"
"877","smile","0","0","0"
"878","speaker","0","0","0"
"879","sweat","0","0","0"
"880","window","0","0","0"
"881","wire","0","0","0"
"882","bar","0","0","0"
"883","bath","0","0","0"
"884","bush","0","0","0"
"885","camp","0","0","0"
"886","card","0","0","0"
"887","coal","0","0","0"
"888","crowd","0","0","0"
"889","dot","0","0","0"
"890","flood","0","0","0"
"891","grandfather","0","0","0"
"892","instrument","0","0","0"
"893","island","0","0","0"
"894","lens","0","0","0"
"895","mattress","0","0","0"
"896","neck","0","0","0"
"897","newspaper","0","0","0"
"898","orchestra","0","0","0"
"899","photograph","0","0","0"
"900","platform","0","0","0"
"901","prison","0","0","0"
"902","scotch","0","0","0"
"903","seat","0","0","0"
"904","soldier","0","0","0"
"905","storm","0","0","0"
"906","string","0","0","0"
"907","suit","0","0","0"
"908","tail","0","0","0"
"909","team","0","0","0"
"910","tube","0","0","0"
"911","valley","0","0","0"
"912","ash","0","0","0"
"913","avenue","0","0","0"
"914","bone","0","0","0"
"915","brandy","0","0","0"
"916","cardinal","0","0","0"
"917","ceiling","0","0","0"
"918","china","0","0","0"
"919","cocktail","0","0","0"
"920","crane","0","0","0"
"921","cream","0","0","0"
"922","cube","0","0","0"
"923","dome","0","0","0"
"924","fan","0","0","0"
"925","forest","0","0","0"
"926","gas","0","0","0"
"927","grandmother","0","0","0"
"928","grave","0","0","0"
"929","guard","0","0","0"
"930","harbour","0","0","0"
"931","jaw","0","0","0"
"932","linen","0","0","0"
"933","locker","0","0","0"
"934","monastery","0","0","0"
"935","ocean","0","0","0"
"936","palace","0","0","0"
"937","pit","0","0","0"
"938","plug","0","0","0"
"939","pocket","0","0","0"
"940","priest","0","0","0"
"941","princess","0","0","0"
"942","queen","0","0","0"
"943","referee","0","0","0"
"944","rose","0","0","0"
"945","sergeant","0","0","0"
"946","sixpence","0","0","0"
"947","snow","0","0","0"
"948","soprano","0","0","0"
"949","stable","0","0","0"
"950","steak","0","0","0"
"951","throat","0","0","0"
"952","tool","0","0","0"
"953","wave","0","0","0"
"954","ale","0","0","0"
"955","amplifier","0","0","0"
"956","arch","0","0","0"
"957","autumn","0","0","0"
"958","basin","0","0","0"
"959","bat","0","0","0"
"960","bay","0","0","0"
"961","beak","0","0","0"
"962","belly","0","0","0"
"963","blossom","0","0","0"
"964","boar","0","0","0"
"965","butcher","0","0","0"
"966","butter","0","0","0"
"967","canteen","0","0","0"
"968","carp","0","0","0"
"969","cash","0","0","0"
"970","cattle","0","0","0"
"971","cell","0","0","0"
"972","chart","0","0","0"
"973","coach","0","0","0"
"974","colonel","0","0","0"
"975","crank","0","0","0"
"976","crook","0","0","0"
"977","dancer","0","0","0"
"978","dawn","0","0","0"
"979","daylight","0","0","0"
"980","detective","0","0","0"
"981","dollar","0","0","0"
"982","dusk","0","0","0"
"983","factory","0","0","0"
"984","farmyard","0","0","0"
"985","fireplace","0","0","0"
"986","frost","0","0","0"
"987","gallery","0","0","0"
"988","gang","0","0","0"
"989","gem","0","0","0"
"990","giant","0","0","0"
"991","golf","0","0","0"
"992","hill","0","0","0"
"993","hive","0","0","0"
"994","hog","0","0","0"
"995","horn","0","0","0"
"996","hunt","0","0","0"
"997","ink","0","0","0"
"998","jail","0","0","0"
"999","jam","0","0","0"
"1000","jungle","0","0","0"
"1001","lake","0","0","0"
"1002","leaflet","0","0","0"
"1003","lip","0","0","0"
"1004","liver","0","0","0"
"1005","lump","0","0","0"
"1006","machinery","0","0","0"
"1007","mail","0","0","0"
"1008","mansion","0","0","0"
"1009","mermaid","0","0","0"
"1010","mole","0","0","0"
"1011","morgue","0","0","0"
"1012","mountain","0","0","0"
"1013","mouthpiece","0","0","0"
"1014","net","0","0","0"
"1015","nickel","0","0","0"
"1016","paste","0","0","0"
"1017","procession","0","0","0"
"1018","profile","0","0","0"
"1019","pump","0","0","0"
"1020","racket","0","0","0"
"1021","ramp","0","0","0"
"1022","riot","0","0","0"
"1023","root","0","0","0"
"1024","salad","0","0","0"
"1025","sewer","0","0","0"
"1026","sleeve","0","0","0"
"1027","sock","0","0","0"
"1028","stair","0","0","0"
"1029","straw","0","0","0"
"1030","teeth","0","0","0"
"1031","telescope","0","0","0"
"1032","tourist","0","0","0"
"1033","tower","0","0","0"
"1034","twig","0","0","0"
"1035","vehicle","0","0","0"
"1036","vodka","0","0","0"
"1037","waist","0","0","0"
"1038","whiskey","0","0","0"
"1039","whisper","0","0","0"
